pha_code,pha_name,ed_rate_per_100k,poor_health_pct,population,area_type
20022,Abbotsford/ Yarra - North,17418.34766045499,9.713546415478614,19236.0,Metro Melbourne
20076,Airport West/ Avondale Heights/ Keilor East,24759.716624305245,12.066563616521574,35901.0,Metro Melbourne
20015,Albert Park,13372.466777683907,10.050780589805903,16011.0,Metro Melbourne
20222,Alexandra/ Euroa/ Nagambie/ Upper Yarra Valley,22376.514350360507,14.29737577298368,18386.0,Metro Melbourne
20184,Alfredton/ Buninyong/ Smythes Creek,29542.50392080017,15.999233978675983,28281.0,Metro Melbourne
20003,Alphington - Fairfield/ Northcote,25031.136558920418,10.398664931175528,34722.0,Metro Melbourne
20238,Alps - East/ Bruthen - Omeo/ Orbost/ Paynesville,36584.38862005539,14.375734580508723,21840.0,Metro Melbourne
20247,Alps - West/ Maffra/ Rosedale,37373.35542051857,15.825839206001616,19633.0,Metro Melbourne
20151,Altona,30455.614251624964,11.62567826661084,13655.0,Metro Melbourne
20152,Altona Meadows,30816.765337488716,14.632395555873767,18660.0,Metro Melbourne
20153,Altona North,37938.15992835595,13.996444649758239,15084.0,Metro Melbourne
20250,Ararat Region,13862.103913660632,14.406771968886867,3184.0,Metro Melbourne
20251,Ararat/ St Arnaud/ Stawell,11052.822542325242,15.35675602765334,20365.0,Metro Melbourne
20142,Ardeer - Albion/ Sunshine/ Sunshine West,26591.76640818515,15.357728537627974,35928.0,Metro Melbourne
20020,Armadale/ Toorak,13237.535213259765,9.002898906232879,22529.0,Metro Melbourne
20005,Ascot Vale,24352.19478497896,15.737158119696172,15351.0,Metro Melbourne
20026,Ashburton (Vic.),16037.563300583426,9.007682142567493,8021.0,Metro Melbourne
20137,Ashwood - Chadstone/ Oakleigh - Huntingdale,22165.79654311295,12.43971839553546,43035.0,Metro Melbourne
20192,Avoca/ Beaufort/ Maryborough Region,19698.688273480046,15.718228941889306,13601.0,Metro Melbourne
20160,Bacchus Marsh,19170.93187482586,15.70887505096905,25057.0,Metro Melbourne
20189,Bacchus Marsh Region/ Gordon (Vic.),21768.64156203252,14.440897767531014,12873.0,Metro Melbourne
20239,Bairnsdale/ Lake King/ Lakes Entrance,45097.669262377116,16.422435128719663,26748.0,Metro Melbourne
20185,Ballarat,14869.390809191764,13.220728573793442,12071.0,Metro Melbourne
20187,Ballarat - South/ Delacombe,33450.00658885303,19.95134360866152,35916.0,Metro Melbourne
20186,Ballarat East/ Ballarat North,24588.894818184664,15.194671758566965,24355.0,Metro Melbourne
20027,Balwyn/ Balwyn North,14461.247487056304,9.580126547184209,37729.0,Metro Melbourne
20208,Bannockburn/ Golden Plains - South/ Winchelsea,17015.310302948437,14.81750391180075,22397.0,Metro Melbourne
20100,Bayswater North/ Ringwood East,25566.575119449368,14.053285115318408,33318.0,Metro Melbourne
20094,Bayswater/ Boronia/ The Basin,28522.152494554994,15.387935301807145,40925.0,Metro Melbourne
20114,Beaconsfield - Officer/ Emerald - Cockatoo,26013.35882096486,15.089271244368692,42768.0,Metro Melbourne
20039,Beaumaris/ Sandringham - Black Rock,21393.901759267006,8.486412503436764,31644.0,Metro Melbourne
20231,Beechworth/ Chiltern - Indigo Valley,39476.46561185834,14.197281031972715,8110.0,Metro Melbourne
20209,Belmont/ Geelong,21593.183637643226,13.415259729077246,28487.0,Metro Melbourne
20227,Benalla,22517.34514184814,15.628708602460511,10753.0,Metro Melbourne
20228,Benalla Region/ Wangaratta Region,39203.28577333847,13.792376529859679,13621.0,Metro Melbourne
20195,Bendigo,54884.04037384573,18.612974006621638,14955.0,Metro Melbourne
20197,Bendigo - Central East,33918.81087991818,17.051080963504425,37801.0,Metro Melbourne
20206,Bendigo Region - North,36740.35586365697,15.080603420985167,4908.0,Metro Melbourne
20201,Bendigo Region - South,29776.7931958043,13.96766865887828,8311.0,Metro Melbourne
20043,Bentleigh - McKinnon/ Bentleigh East,17752.163653647232,12.96907731102504,56119.0,Metro Melbourne
20118,Berwick - North/ Narre Warren North,44473.08101553851,12.107981576377814,31489.0,Metro Melbourne
20119,Berwick - South,340.1449975580816,16.695855750212193,29348.0,Metro Melbourne
20035,Blackburn/ Blackburn South,18860.34198539856,11.923137773312511,33375.0,Metro Melbourne
20036,Box Hill/ Box Hill North,19344.625711087756,11.511083764029404,41504.0,Metro Melbourne
20156,Braybrook,27703.577608723102,14.43880987292,19359.0,Metro Melbourne
20232,Bright - Mount Beauty/ Towong,21554.284569187734,13.55028710506545,15013.0,Metro Melbourne
20040,Brighton (Vic.)/ Brighton East,16937.86960305181,8.545902113196451,39736.0,Metro Melbourne
20087,Broadmeadows,40649.48150572516,21.28698089789464,14063.0,Metro Melbourne
20000,Brunswick West/ Pascoe Vale South,26470.069491200105,14.809408176101748,24960.0,Regional Victoria
20001,Brunswick/ Brunswick East,23835.063345302977,12.797443637957896,39249.0,Metro Melbourne
20032,Bulleen/ Doncaster,19497.679199359154,10.879023269123044,36543.0,Metro Melbourne
20259,Buloke/ Gannawarra/ Kerang,27449.66870876245,14.806590056689902,16746.0,Metro Melbourne
20054,Bundoora - East/ Watsonia,50066.71000395611,13.570673872355146,19225.0,Metro Melbourne
20068,Bundoora - North,107.7669507938837,12.931956702222084,7424.0,Metro Melbourne
20069,Bundoora - West,135.5024755920631,13.639137100009732,6237.0,Metro Melbourne
20115,Bunyip - Garfield,26449.129166609007,13.773430891992243,9940.0,Metro Melbourne
20037,Burwood/ Burwood East,19540.14555464685,12.157060749902984,23296.0,Metro Melbourne
20143,Cairnlea,21327.16056782148,15.047675032562644,10142.0,Metro Melbourne
20196,California Gully - Eaglehawk,44785.47269329764,21.507067295958496,12932.0,Metro Melbourne
20028,Camberwell/ Surrey Hills (West) - Canterbury,16015.217434010683,8.70168196104106,37583.0,Metro Melbourne
20088,Campbellfield - Coolaroo,33777.61770246728,21.77062514118798,16245.0,Metro Melbourne
20271,Camperdown/ Corangamite - North,19046.535817793298,14.81279708034249,8831.0,Metro Melbourne
20008,Carlton,23326.14206435694,10.39459104044143,17064.0,Metro Melbourne
20023,Carlton North - Princes Hill/ Fitzroy North,23182.32111586713,10.73280884797627,21235.0,Metro Melbourne
20044,Carnegie/ Ormond - Glen Huntly,16368.134463388358,11.715631867556443,32071.0,Metro Melbourne
20161,Caroline Springs,25585.00372322688,15.794800261767678,32931.0,Metro Melbourne
20050,Carrum - Patterson Lakes,21926.699517473622,13.207771854482955,12115.0,Metro Melbourne
20172,Carrum Downs/ Seaford (Vic.),29870.596144774718,17.370880610526918,39626.0,Metro Melbourne
20202,Castlemaine/ Castlemaine Region,15688.037573612259,14.597324150188566,20438.0,Metro Melbourne
20045,Caulfield - North/ Caulfield - South,15004.565016229057,11.666252389376716,40951.0,Metro Melbourne
20051,Chelsea - Bonbeach/ Chelsea Heights,22905.80498057065,13.053894806555078,20743.0,Metro Melbourne
20041,Cheltenham - Highett (West),23727.132298508146,10.196460238950614,12543.0,Metro Melbourne
20108,Chirnside Park/ Montrose/ Mooroolbark,25646.275772943663,14.46232164432155,42311.0,Metro Melbourne
20244,Churchill,37311.62623029505,16.97375919236748,11858.0,Metro Melbourne
20130,Clarinda - Oakleigh South/ Clayton South,17977.06151817024,12.641255619853649,25215.0,Metro Melbourne
20138,Clayton,17842.264100810076,11.717980586058191,22375.0,Metro Melbourne
20218,Clifton Springs,21082.726490317957,15.03980403104952,16729.0,Metro Melbourne
20264,Cobram/ Numurkah,31942.928235719894,16.414046917362548,18942.0,Metro Melbourne
20002,Coburg,27363.541999776648,14.863292446151268,26859.0,Metro Melbourne
20082,Coburg North,27457.273575546675,13.003250971274303,8513.0,Metro Melbourne
20272,Colac,5737.570135648351,15.899398842217382,12698.0,Metro Melbourne
20273,Colac Region/ Corangamite – South / Otway,13465.927923652756,14.507761010836697,16770.0,Metro Melbourne
20024,Collingwood/ Fitzroy,30866.568349265337,13.045234322766209,19959.0,Metro Melbourne
20210,Corio - Lovely Banks/ Norlane,35467.06487691063,22.592943282020958,27396.0,Metro Melbourne
20089,Craigieburn - Mickleham,27768.3337406549,20.953295101337957,89607.0,Metro Melbourne
20124,Cranbourne East/ Cranbourne South,23666.73475109332,19.26883501857155,87649.0,Metro Melbourne
20125,Cranbourne North,23592.47686397439,21.490588759277657,24967.0,Metro Melbourne
20126,Cranbourne/ Cranbourne West,27791.917874057704,20.406602681293045,43434.0,Metro Melbourne
20190,Creswick - Clunes,24866.86807942954,14.890853081223716,8041.0,Metro Melbourne
20101,Croydon,27075.759907134416,14.71030129704167,35418.0,Metro Melbourne
20102,Croydon Hills - Warranwood/ Ringwood North,21836.216209822578,12.635666544853553,27955.0,Metro Melbourne
20131,Dandenong,38413.96734111186,18.747681982255344,31311.0,Metro Melbourne
20132,Dandenong North/ Noble Park North,24378.192326241293,16.4414345018636,30352.0,Metro Melbourne
20191,Daylesford,15562.226226235345,13.513000886492247,9874.0,Metro Melbourne
20144,Deer Park/ Derrimut,25011.00852185586,17.8747933145635,26967.0,Metro Melbourne
20145,Delahey,29870.631380391096,16.694283143111736,8148.0,Metro Melbourne
20133,Dingley Village,20235.638079715507,12.19332885468611,10553.0,Metro Melbourne
20009,Docklands/ Southbank,16145.995346628559,10.060811181951925,39018.0,Metro Melbourne
20033,Doncaster East,18021.63074821026,10.584483286445804,31379.0,Metro Melbourne
20099,Donvale - Park Orchards/ Warrandyte - Wonga Park,18189.78651482078,10.140327266739668,26591.0,Metro Melbourne
20074,Doreen/ Mernda/ South Morang,27418.380164912527,17.67811864867029,75945.0,Metro Melbourne
20120,Doveton,35216.312292149654,21.05775586431096,12058.0,Metro Melbourne
20177,Dromana,28580.380582086305,13.672612018338583,13469.0,Metro Melbourne
20236,Drouin,34206.22368691739,17.3686038731259,19800.0,Metro Melbourne
20010,East Melbourne/ South Yarra - West,8529.317774179946,8.522510574975083,11495.0,Metro Melbourne
20262,Echuca/ Lockington - Gunbower,66747.92341244016,16.30028937326025,19501.0,Metro Melbourne
20046,Elsternwick,17653.436972979493,11.489239563323661,12030.0,Metro Melbourne
20064,Eltham,22881.83344070548,11.94942305294994,23707.0,Metro Melbourne
20016,Elwood,20525.27301660284,11.657061741178078,15032.0,Metro Melbourne
20121,Endeavour Hills,25665.1358968821,15.1330477665605,25651.0,Metro Melbourne
20070,Epping / Wollert,31453.683121098515,18.50228498845528,58634.0,Metro Melbourne
20006,Essendon - Aberfeldie/ Moonee Ponds,20990.92614461219,11.634238283843507,44889.0,Metro Melbourne
20083,Fawkner,32507.036831836744,16.066328925060912,14184.0,Metro Melbourne
20095,Ferntree Gully,32240.565519861797,14.599608864683306,29698.0,Metro Melbourne
20007,Flemington,31160.018720897733,17.09809896597168,9181.0,Metro Melbourne
20011,Flemington Racecourse/ Kensington,26021.80686911163,14.218815301600785,10950.0,Metro Melbourne
20178,Flinders/ Mount Martha,17729.954652282435,9.44780976125352,26050.0,Metro Melbourne
20157,Footscray/ West Footscray - Tottenham,28994.168910603963,13.042530290878895,29300.0,Metro Melbourne
20104,Forest Hill,19090.548633419083,12.620594830054683,10866.0,Metro Melbourne
20240,Foster/ Korumburra/ Leongatha/ Wilsons Promontory,20743.756292774906,14.759650779330885,30619.0,Metro Melbourne
20173,Frankston,57187.38485845167,17.039872855491065,23909.0,Metro Melbourne
20174,Frankston North,12289.239539627819,20.504572613290772,19666.0,Metro Melbourne
20175,Frankston South,20552.853343688064,12.682295831405284,18948.0,Metro Melbourne
20241,French Island,,,138.0,Metro Melbourne
20211,Geelong West - Hamlyn Heights,20143.59810115086,13.282700071867797,21255.0,Metro Melbourne
20080,Gisborne/ Macedon/ Riddells Creek,16730.939282424148,12.446601021885595,22378.0,Metro Melbourne
20090,Gladstone Park - Westmeadows/ Tullamarine,29952.253654652537,15.499356634706956,24804.0,Metro Melbourne
20029,Glen Iris - East,17136.352448877708,8.408162961813101,17006.0,Metro Melbourne
20139,Glen Waverley - East/ Wheelers Hill,21571.28770316983,10.434600460651307,42736.0,Metro Melbourne
20140,Glen Waverley - West/ Mulgrave,9728.9764705593,11.410836201872826,41396.0,Metro Melbourne
20269,Glenelg (Vic.)/ Portland,12539.446879589264,15.569151697722097,20055.0,Metro Melbourne
20084,Glenroy/ Gowanbrae/ Hadfield,29855.4800221388,14.862270807320877,33395.0,Metro Melbourne
20193,Golden Plains - North,26554.755241648374,16.071229446956426,4869.0,Metro Melbourne
20055,Greensborough/ Montmorency - Briar Hill,26354.21485450375,12.706569695670868,37655.0,Metro Melbourne
20091,Greenvale - Bulla/ Melbourne Airport,26010.00837689109,14.83420757830321,22536.0,Metro Melbourne
20212,Grovedale,17047.547005070282,15.40688287968081,35156.0,Metro Melbourne
20122,Hallam,29039.39442358001,18.0955693654307,11598.0,Metro Melbourne
20270,Hamilton (Vic.)/ Southern Grampians,51273.82351134585,15.330001122156718,16552.0,Metro Melbourne
20042,Hampton,23809.11886296666,9.05478757020663,18405.0,Metro Melbourne
20127,Hampton Park,26537.631086781934,20.70780672629743,26376.0,Metro Melbourne
20179,Hastings - Somers,24882.866657850802,15.679188533348988,24245.0,Metro Melbourne
20030,Hawthorn,13896.526600449553,10.586670091053303,38035.0,Metro Melbourne
20109,Healesville - Yarra Glen,23510.394348027305,14.365804723301691,14181.0,Metro Melbourne
20203,Heathcote,28246.355679760465,13.857458332981967,5026.0,Metro Melbourne
20056,Heidelberg - Rosanna/ Viewbank - Yallambie,27652.361205347715,12.109197651710458,35093.0,Metro Melbourne
20057,Heidelberg West,33649.77881406113,15.8712642133554,15039.0,Metro Melbourne
20213,Highton/ Newtown (Vic.),13140.817919934336,11.8856473129323,34499.0,Metro Melbourne
20162,Hillside/ Taylors Hill,22287.014002898406,18.23065184412259,46379.0,Metro Melbourne
20165,Hoppers Crossing - North/ Truganina,13847.825482517163,18.725153289539385,57355.0,Metro Melbourne
20166,Hoppers Crossing - South/ Werribee - South,28120.568034554588,16.27660728429866,35985.0,Metro Melbourne
20252,Horsham,57362.61650088777,16.78566519595939,16951.0,Metro Melbourne
20253,Horsham Region,39966.15126847204,13.398991197793368,3451.0,Metro Melbourne
20047,Hughesdale,18031.409604130356,12.321039976522451,7642.0,Metro Melbourne
20065,Hurstbridge/ Panton Hill/ Research,20547.51823895001,12.495094312377452,15684.0,Metro Melbourne
20255,Irymple/ Mildura Region,30790.288089058588,14.479683669564176,11390.0,Metro Melbourne
20058,Ivanhoe,27048.242813501307,8.751396427740493,12559.0,Metro Melbourne
20059,Ivanhoe East - Eaglemont,18976.635820270436,8.235635037066476,7799.0,Metro Melbourne
20198,Kangaroo Flat - Golden Square,40348.21764531721,17.733149952415484,21071.0,Metro Melbourne
20077,Keilor,23666.364754056638,11.945871823274361,8596.0,Metro Melbourne
20146,Keilor Downs,27562.8281907378,14.925318982018076,13193.0,Metro Melbourne
20031,Kew,15090.550933673867,8.834655612398919,31415.0,Metro Melbourne
20134,Keysborough,18488.21013545902,14.143123706225312,30495.0,Metro Melbourne
20266,Kialla/ Mooroopna/ Shepparton - South East,24224.657915877113,18.626654470870527,33949.0,Metro Melbourne
20223,Kilmore - Broadford/ Yea,20233.46911735524,16.09850845836718,19665.0,Metro Melbourne
20110,Kilsyth,35473.323466349495,15.236602871601852,9980.0,Metro Melbourne
20066,Kinglake,26046.066701479736,15.489150139991143,4237.0,Metro Melbourne
20060,Kingsbury,9105.049156642368,12.10388103103727,10549.0,Metro Melbourne
20049,Kingston - Central,20692.65360117955,11.190352410145138,44048.0,Metro Melbourne
20052,Kingston - North,23548.45666753012,11.645374815799007,46880.0,Metro Melbourne
20096,Knoxfield - Scoresby,19305.786635585566,14.480879037577143,16734.0,Metro Melbourne
20116,Koo Wee Rup,29995.487666383833,16.24672730010464,10160.0,Metro Melbourne
20263,Kyabram/ Rochester/ Rushworth,39174.11186174623,16.47412664227727,19213.0,Metro Melbourne
20204,Kyneton,15782.898870211891,13.16375146135966,10499.0,Metro Melbourne
20071,Lalor/ Thomastown,33332.066877903046,16.123117382775696,43849.0,Metro Melbourne
20176,Langwarrin/ Skye - Sandhurst,22316.914808463127,15.040108475082967,38675.0,Metro Melbourne
20214,Lara,21722.69195381665,15.126980908011351,20859.0,Metro Melbourne
20167,Laverton,29911.794248081696,14.934073084259682,11643.0,Metro Melbourne
20215,Leopold,21327.19302097387,15.392931986678844,13220.0,Metro Melbourne
20111,Lilydale - Coldstream/ Wandin - Seville,25066.52486826671,14.208506333907893,27749.0,Metro Melbourne
20207,Loddon,27724.585423352928,14.856943418328482,7233.0,Metro Melbourne
20248,Longford - Loch Sport/ Yarram,32386.99770301819,13.843427092530133,10461.0,Metro Melbourne
20219,Lorne - Anglesea/ Torquay,11609.67361874158,11.442015612751343,30828.0,Metro Melbourne
20128,Lynbrook - Lyndhurst,20455.485731334895,15.631252380289974,18271.0,Metro Melbourne
20097,Lysterfield/ Rowville,20564.009566149136,12.640816245898387,40618.0,Metro Melbourne
20199,Maiden Gully,30569.83046311335,14.64785783009374,5502.0,Metro Melbourne
20053,Malvern - Glen Iris/ Malvern East,9968.688295349706,9.80186116028585,42671.0,Metro Melbourne
20224,Mansfield (Vic.),12537.476143912194,13.549578762476575,10463.0,Metro Melbourne
20158,Maribyrnong,22745.647029367046,12.017250584776496,12712.0,Metro Melbourne
20194,Maryborough (Vic.),14278.419366166208,17.77281162132996,8118.0,Metro Melbourne
20092,Meadow Heights,34692.734540163765,28.970792331141254,15070.0,Metro Melbourne
20012,Melbourne CBD,21565.174014407192,10.397251903399908,43577.0,Metro Melbourne
20163,Melton West,25773.535314420576,22.848931712578246,21505.0,Metro Melbourne
20164,Melton/ Melton South/ Rockbank - Mount Cottrell,24802.020782810847,21.863666976349506,75229.0,Metro Melbourne
20256,Merbein,40559.62109841477,17.813685206595206,4954.0,Metro Melbourne
20257,Mildura,48786.88048436261,18.64536973082308,34499.0,Metro Melbourne
20072,Mill Park - North,48440.23038516507,14.504766318030628,17640.0,Metro Melbourne
20073,Mill Park - South,136.206700685188,15.261419735024113,11339.0,Metro Melbourne
20105,Mitcham (Vic.)/ Vermont/ Vermont South,17498.002331032385,12.428597532195697,40051.0,Metro Melbourne
20245,Moe - Newborough/ Morwell,46323.54767202812,19.460424715069784,31672.0,Metro Melbourne
20265,Moira/ Yarrawonga,22976.98896971151,14.789688358198344,11425.0,Metro Melbourne
20112,Monbulk - Silvan/ Mount Evelyn,26217.421025875647,14.260396507810754,15725.0,Metro Melbourne
20180,Mornington/ Somerville,22975.511579233444,12.977496236604335,44603.0,Metro Melbourne
20237,Mount Baw Baw Region/ Trafalgar (Vic.)/ Warragul,32216.12833312489,15.192586702951694,37961.0,Metro Melbourne
20181,Mount Eliza,14703.339697938176,8.729388913527881,18924.0,Metro Melbourne
20141,Mount Waverley - North/ Mount Waverley - South,15782.865936026723,9.887170060183632,35709.0,Metro Melbourne
20274,Moyne – East/ Moyne – West,30077.30160667415,15.655277518649577,16957.0,Metro Melbourne
20048,Murrumbeena,17940.16626269479,11.749026212656469,9467.0,Metro Melbourne
20233,Myrtleford,26842.48407205396,14.863977957468006,4717.0,Metro Melbourne
20123,Narre Warren,28562.665201288386,17.710453753927347,28517.0,Metro Melbourne
20129,Narre Warren South,23190.319051030467,17.93525469154557,30200.0,Metro Melbourne
20216,Newcomb - Moolap,31811.873472770654,17.238916052723546,15410.0,Metro Melbourne
20154,Newport/ Williamstown,34716.79147063627,10.459127411338338,35058.0,Metro Melbourne
20254,Nhill Region/ West Wimmera/ Yarriambiack,27922.38553433031,14.479726167109767,16109.0,Metro Melbourne
20078,Niddrie - Essendon West,20573.134448181616,12.254299078132341,7520.0,Metro Melbourne
20135,Noble Park,24115.034077273973,20.109721413490767,32699.0,Metro Melbourne
20217,North Geelong - Bell Park,25153.90390115506,14.869280426466437,15741.0,Metro Melbourne
20013,North Melbourne/ West Melbourne - Residential,26811.97521329969,14.325032355820563,23559.0,Metro Melbourne
20106,Nunawading,19645.81175457438,11.841035580484142,12518.0,Metro Melbourne
20085,Oak Park/ Pascoe Vale,25311.08534827989,16.717445598952562,25380.0,Metro Melbourne
20220,Ocean Grove/ Barwon Heads - Armstrong Creek,17519.56268596232,12.660036919604632,36178.0,Metro Melbourne
20117,Pakenham,26382.812558607562,20.34629615400596,56853.0,Metro Melbourne
20014,Parkville,22624.927986245373,8.350221327949251,7428.0,Metro Melbourne
20242,Phillip Island,24022.192604491385,14.613471756580873,13736.0,Metro Melbourne
20067,Plenty - Yarrambat/ Wattle Glen - Diamond Creek,18068.56967062254,12.133260254994052,24059.0,Metro Melbourne
20168,Point Cook,21760.129271570782,15.72103013342929,62990.0,Metro Melbourne
20182,Point Nepean,28188.78969764073,13.101087352721715,20000.0,Metro Melbourne
20017,Port Melbourne/ Port Melbourne Industrial,24050.45582050124,11.237787413391647,18310.0,Metro Melbourne
20221,Portarlington,20576.54019239622,12.654601309711135,9460.0,Metro Melbourne
20021,Prahran - Windsor/ South Yarra,23396.267811200156,9.745772083309559,40990.0,Metro Melbourne
20061,Preston,27933.47408863154,13.831444259742213,33821.0,Metro Melbourne
20258,Red Cliffs,42608.371636893586,17.98591558978121,6123.0,Metro Melbourne
20062,Reservoir - East,56719.42694776496,13.753132962537899,27926.0,Metro Melbourne
20063,Reservoir - West,194.22473972172835,13.457379113888432,24125.0,Metro Melbourne
20025,Richmond (Vic.),19831.99245035317,11.270346361621938,32051.0,Metro Melbourne
20103,Ringwood,27229.014974101992,14.408494244908402,18919.0,Metro Melbourne
20260,Robinvale,28135.721596301115,13.386705905953912,3749.0,Metro Melbourne
20081,Romsey,20186.992677633276,14.201464191841854,10835.0,Metro Melbourne
20183,Rosebud - McCrae,40937.82113705745,14.914972310790585,23149.0,Metro Melbourne
20093,Roxburgh Park - Somerton,31342.96109340465,22.209200014148056,24430.0,Metro Melbourne
20229,Rutherglen,66369.45235416306,15.414573997422055,4021.0,Metro Melbourne
20249,Sale,49956.16790185659,16.881128175975213,15264.0,Metro Melbourne
20155,Seabrook,24703.22108124275,19.67957273375075,4999.0,Metro Melbourne
20159,Seddon - Kingsville/ Yarraville,26476.534299340718,12.328798614709351,25014.0,Metro Melbourne
20225,Seymour,21207.756247296256,18.30956825185596,6546.0,Metro Melbourne
20226,Seymour Region,13665.326398807427,14.132981951110391,4633.0,Metro Melbourne
20267,Shepparton - North/ Shepparton Region - West,66451.45217997924,16.735733180875282,30366.0,Metro Melbourne
20268,Shepparton Region - East,35794.71808480934,15.925206377522189,4010.0,Metro Melbourne
20018,South Melbourne,28445.86316930055,11.168504237492652,11856.0,Metro Melbourne
20136,Springvale/ Springvale South,18683.749524801267,13.489392763718568,35243.0,Metro Melbourne
20147,St Albans – North/ Kings Park (Vic.),41278.1231273505,17.99899665774082,34914.0,Metro Melbourne
20148,St Albans - South/ Sunshine North,10305.054625784875,15.91756016554472,29817.0,Metro Melbourne
20019,St Kilda,24899.233453467794,10.595233816137885,42249.0,Metro Melbourne
20200,Strathfieldsaye,28630.639425162182,13.668612762505873,10679.0,Metro Melbourne
20079,Strathmore,18655.776134096795,9.190515748350284,10107.0,Metro Melbourne
20086,Sunbury,24956.381857600383,15.655919773647033,45464.0,Metro Melbourne
20038,Surrey Hills (East) - Mont Albert,8950.461245931656,8.995731972707526,10251.0,Metro Melbourne
20261,Swan Hill/ Swan Hill Region,73559.32074548917,15.898382468387469,17633.0,Metro Melbourne
20149,Sydenham,24134.75512353042,16.794328310709126,11859.0,Metro Melbourne
20169,Tarneit,20191.200273191665,21.50980278383989,57562.0,Metro Melbourne
20150,Taylors Lakes,22502.633611994082,12.111700948226323,17070.0,Metro Melbourne
20034,Templestowe/ Templestowe Lower,19897.697678442568,10.731684506730002,31381.0,Metro Melbourne
20004,Thornbury,26472.095754582606,11.921938485147786,19153.0,Metro Melbourne
20246,Traralgon/ Yallourn North - Glengarry,39768.008249466526,16.268938333981172,33437.0,Metro Melbourne
20075,Wallan/ Whittlesea,27246.383406618163,17.310643745423352,33716.0,Metro Melbourne
20230,Wangaratta,56297.773525789875,16.953668766766363,19884.0,Metro Melbourne
20098,Wantirna/ Wantirna South,22039.802531805377,13.196665362940402,32545.0,Metro Melbourne
20275,Warrnambool - North/ Warrnambool - South,39551.672658731724,15.95059638679481,35768.0,Metro Melbourne
20188,Wendouree - Miners Rest,35113.40770912858,19.62094829965801,15312.0,Metro Melbourne
20170,Werribee,33452.13325279886,19.127045847693193,41927.0,Metro Melbourne
20234,West Wodonga/ Wodonga,54869.74883991838,18.37381604195722,43207.0,Metro Melbourne
20243,Wonthaggi - Inverloch,43886.54561867785,14.983056550905006,26745.0,Metro Melbourne
20205,Woodend,15872.42981897997,12.723625116394379,7911.0,Metro Melbourne
20171,Wyndham Vale,24597.30617567412,23.58533628356053,33671.0,Metro Melbourne
20235,Yackandandah,40122.171853209016,13.589639719127078,5189.0,Metro Melbourne
20107,Yarra Ranges - South West,27350.721482965044,13.56203960660338,29709.0,Metro Melbourne
20113,Yarra Valley,26369.80725022894,17.237602897040304,16947.0,Metro Melbourne
29999,Unknown Vic,,,,Regional Victoria
20101,Ballarat,29012.931577391257,14.71030129704167,35418.0,Metro Melbourne
20102,Creswick - Daylesford - Ballan,20553.903671535616,12.635666544853553,27955.0,Metro Melbourne
20103,Maryborough - Pyrenees,19169.79727293548,14.408494244908402,18919.0,Metro Melbourne
20201,Bendigo,38859.40637851485,13.96766865887828,8311.0,Metro Melbourne
20202,Heathcote - Castlemaine - Kyneton,19197.721704826108,14.597324150188566,20438.0,Metro Melbourne
20203,Loddon - Elmore,31331.967145241055,13.857458332981967,5026.0,Metro Melbourne
20301,Barwon - West,17015.310302948437,14.81750391180075,22397.0,Metro Melbourne
20302,Geelong,22003.6768724789,15.33720646864,212023.0,Metro Melbourne
20303,Surf Coast - Bellarine Peninsula,16585.21235053839,12.719809150016248,93195.0,Metro Melbourne
20401,Upper Goulburn Valley,19193.504432198424,15.152004386564506,59693.0,Metro Melbourne
20402,Wangaratta - Benalla,44715.398775592796,15.599863079104894,48279.0,Metro Melbourne
20403,Wodonga - Alpine,43924.62407216634,16.255418843149396,76236.0,Metro Melbourne
20501,Baw Baw,32908.14066097424,15.915038602886435,57761.0,Metro Melbourne
20502,Gippsland - East,41287.0810011878,15.461058829450852,48588.0,Metro Melbourne
20503,Gippsland - South West,30230.12589640909,14.815753944506614,71238.0,Metro Melbourne
20504,Latrobe Valley,42111.165233695865,17.73266221458816,76967.0,Metro Melbourne
20505,Wellington,40502.27848695734,15.640896584532916,45358.0,Metro Melbourne
20601,Brunswick - Coburg,25602.387335349536,13.983734068215307,91068.0,Metro Melbourne
20602,Darebin - South,25544.288247604327,10.933086292549007,53875.0,Metro Melbourne
20603,Essendon,23080.51159495404,13.167974778728812,69421.0,Metro Melbourne
20604,Melbourne City,20620.613568175373,10.972177830302135,153091.0,Metro Melbourne
20605,Port Phillip,22706.046189821423,10.84246914546726,103458.0,Metro Melbourne
20606,Stonnington - West,19674.988814852837,9.446758231682606,63519.0,Metro Melbourne
20607,Yarra,22504.858573383823,11.191471476088138,92481.0,Metro Melbourne
20701,Boroondara,15132.956997416184,9.309955979179323,169789.0,Metro Melbourne
20702,Manningham - West,19164.608270720175,10.743265553037102,99303.0,Metro Melbourne
20703,Whitehorse - West,18276.216546439373,11.536372924413026,108426.0,Metro Melbourne
20801,Bayside,20351.70805898805,8.795021255004777,102328.0,Metro Melbourne
20802,Glen Eira,16764.277291489296,12.167015259374988,158280.0,Metro Melbourne
20803,Kingston,22285.19800021706,11.886086320857055,123786.0,Metro Melbourne
20804,Stonnington - East,9968.688295349706,9.80186116028585,42671.0,Metro Melbourne
20901,Banyule,30810.40523719147,12.322332062061681,127370.0,Metro Melbourne
20902,Darebin - North,27240.247665196428,13.532458825975468,96421.0,Metro Melbourne
20903,Nillumbik - Kinglake,20830.699381811854,12.369818037370415,67687.0,Metro Melbourne
20904,Whittlesea - Wallan,28111.61917850332,16.862418546970915,254784.0,Metro Melbourne
21001,Keilor,23166.34523279771,11.62363833491613,62124.0,Regional Victoria
21002,Macedon Ranges,17866.754469841046,13.03142079686139,33213.0,Regional Victoria
21003,Moreland - North,28680.02972788527,15.46545122634955,81472.0,Regional Victoria
21004,Sunbury,24956.381857600383,15.655919773647033,45464.0,Regional Victoria
21005,Tullamarine - Broadmeadows,30002.955891403195,20.261861098504742,206755.0,Regional Victoria
21101,Knox,24969.844401190017,13.988709395995865,160520.0,Regional Victoria
21102,Manningham - East,18189.78651482078,10.140327266739668,26591.0,Regional Victoria
21103,Maroondah,25435.150659741066,13.969327010375988,115610.0,Regional Victoria
21104,Whitehorse - East,18203.3446653186,12.350034768245019,63435.0,Regional Victoria
21105,Yarra Ranges,26452.92429770347,14.575592707986054,156602.0,Regional Victoria
21201,Cardinia,26584.824566215164,17.417151642301594,119721.0,Regional Victoria
21202,Casey - North,26400.35953199933,15.90502430892018,138661.0,Regional Victoria
21203,Casey - South,24437.719681669365,19.435020087187628,230897.0,Regional Victoria
21204,Dandenong,23574.563128564063,15.67979493862542,195868.0,Regional Victoria
21205,Monash,17512.47190783941,11.111617192127987,185251.0,Regional Victoria
21301,Brimbank,25899.565528863535,16.02711210148006,188038.0,Regional Victoria
21302,Hobsons Bay,33261.98616313436,12.628313716911013,87456.0,Regional Victoria
21303,Maribyrnong,27087.2175466008,12.992430281286829,86385.0,Regional Victoria
21304,Melton - Bacchus Marsh,23770.541054280795,19.264518932391482,201101.0,Regional Victoria
21305,Wyndham,23000.965424966766,18.698391947127366,301133.0,Regional Victoria
21401,Frankston,28687.819836787578,16.448845280163162,140824.0,Regional Victoria
21402,Mornington Peninsula,25162.628529037396,12.717567134235853,170440.0,Regional Victoria
21501,Grampians,30499.965590353684,15.327116239263146,60060.0,Regional Victoria
21502,Mildura,43864.00804325761,17.64937202410606,56966.0,Regional Victoria
21503,Murray River - Swan Hill,48685.545368311,15.159245278463981,38128.0,Regional Victoria
21601,Campaspe,53060.06835958324,16.3882531355521,38714.0,Regional Victoria
21602,Moira,28497.253125308234,15.777684154057539,30367.0,Regional Victoria
21603,Shepparton,43498.83764312685,17.63164108737435,68325.0,Regional Victoria
21701,Glenelg - Southern Grampians,30149.564974852838,15.462739880630906,36607.0,Regional Victoria
21703,Colac - Corangamite,12161.581674206614,15.023563644080923,38299.0,Regional Victoria
21704,Warrnambool,36508.38486972667,15.853646951393864,52725.0,Regional Victoria
