pha_code,pha_name,poor_health_pct,ed_asr_per_100k
201,Ballarat,16.495789836701714,24838.533563076668
202,Bendigo,16.081847078710112,31353.839057177804
203,Geelong,14.482079065710368,20142.85848245444
204,Hume,15.706000888370747,34873.22074714601
205,Latrobe - Gippsland,15.944338128373555,36539.767679224075
206,Melbourne - Inner,11.51027587658261,22695.81466344997
207,Melbourne - Inner East,10.332069692938887,17282.366573811494
208,Melbourne - Inner South,10.99130715102343,18877.429174753608
209,Melbourne - North East,14.550132106459959,26286.28231115877
210,Melbourne - North West,16.764514883436863,26222.784505436262
211,Melbourne - Outer East,13.753150610170863,24361.33159851171
212,Melbourne - South East,15.796379180840981,23455.037278576197
213,Melbourne - West,16.90097660001838,24818.928866618742
214,Mornington Peninsula,14.254566427912506,26942.47510150803
215,North West,16.1000297939558,39135.04145530696
216,Shepparton,16.82087846301394,42082.25902912727
217,Warrnambool and South West,15.484999663464299,26903.005367917398
20000,Brunswick West/ Pascoe Vale South,14.809408176101748,25594.417197561164
20001,Brunswick/ Brunswick East,12.797443637957896,23904.36953060675
20002,Coburg,14.863292446151268,27093.335133131906
20003,Alphington - Fairfield/ Northcote,10.398664931175528,24185.320227077875
20004,Thornbury,11.921938485147786,26170.91786799497
20005,Ascot Vale,15.737158119696172,22515.677856317245
20006,Essendon - Aberfeldie/ Moonee Ponds,11.634238283843507,20358.01136966107
20007,Flemington,17.09809896597168,31875.908739819864
20008,Carlton,10.39459104044143,23908.16222247157
20009,Docklands/ Southbank,10.060811181951925,15363.442200866846
20010,East Melbourne/ South Yarra - West,8.522510574975083,8655.898871767771
20011,Flemington Racecourse/ Kensington,14.218815301600785,26150.594169093507
20012,Melbourne CBD,10.397251903399908,23429.172784522587
20013,North Melbourne/ West Melbourne - Residential,14.325032355820563,28875.49604165685
20014,Parkville,8.350221327949251,23633.653865766122
20015,Albert Park,10.050780589805903,14481.488970368064
20016,Elwood,11.657061741178078,20288.932704357623
20017,Port Melbourne/ Port Melbourne Industrial,11.237787413391647,23521.337605574685
20018,South Melbourne,11.168504237492652,27348.54082514352
20019,St Kilda,10.595233816137885,25397.10008343
20020,Armadale/ Toorak,9.002898906232879,13066.214489344142
20021,Prahran - Windsor/ South Yarra,9.745772083309559,24588.313395404126
20022,Abbotsford/ Yarra - North,9.713546415478614,16639.161136484003
20023,Carlton North - Princes Hill/ Fitzroy North,10.73280884797627,23197.85191172347
20024,Collingwood/ Fitzroy,13.045234322766209,31861.037237456083
20025,Richmond (Vic.),11.270346361621938,20680.380117389
20026,Ashburton (Vic.),9.007682142567493,15618.478691605615
20027,Balwyn/ Balwyn North,9.580126547184209,15253.918683428465
20028,Camberwell/ Surrey Hills (West) - Canterbury,8.70168196104106,15873.866078375806
20029,Glen Iris - East,8.408162961813101,17717.543037859392
20030,Hawthorn,10.586670091053303,13805.249389270994
20031,Kew,8.834655612398919,15711.926991397222
20032,Bulleen/ Doncaster,10.879023269123044,19337.63852261153
20033,Doncaster East,10.584483286445804,17891.947801765287
20034,Templestowe/ Templestowe Lower,10.731684506730002,19647.20762769176
20035,Blackburn/ Blackburn South,11.923137773312511,18389.656820475735
20036,Box Hill/ Box Hill North,11.511083764029404,20143.705519535742
20037,Burwood/ Burwood East,12.157060749902984,19779.05191000428
20038,Surrey Hills (East) - Mont Albert,8.995731972707526,9131.153005934117
20039,Beaumaris/ Sandringham - Black Rock,8.486412503436764,21861.038120510686
20040,Brighton (Vic.)/ Brighton East,8.545902113196451,17110.789582538368
20041,Cheltenham - Highett (West),10.196460238950614,24867.691459654885
20042,Hampton,9.05478757020663,24027.362082814972
20043,Bentleigh - McKinnon/ Bentleigh East,12.96907731102504,18096.353966911236
20044,Carnegie/ Ormond - Glen Huntly,11.715631867556443,17840.501491378094
20045,Caulfield - North/ Caulfield - South,11.666252389376716,15202.489244036773
20046,Elsternwick,11.489239563323661,19016.884809174215
20047,Hughesdale,12.321039976522451,19172.266780365368
20048,Murrumbeena,11.749026212656469,18415.540041829085
20049,Kingston - Central,11.190352410145138,20877.584763575298
20050,Carrum - Patterson Lakes,13.207771854482955,22299.577060594285
20051,Chelsea - Bonbeach/ Chelsea Heights,13.053894806555078,22260.656973179262
20052,Kingston - North,11.645374815799007,23643.942942196692
20053,Malvern - Glen Iris/ Malvern East,9.80186116028585,9725.082030542608
20054,Bundoora - East/ Watsonia,13.570673872355146,47450.3140694826
20055,Greensborough/ Montmorency - Briar Hill,12.706569695670868,25282.491852676034
20056,Heidelberg - Rosanna/ Viewbank - Yallambie,12.109197651710458,24971.60803843635
20057,Heidelberg West,15.8712642133554,31782.55072216262
20058,Ivanhoe,8.751396427740493,25082.49947779865
20059,Ivanhoe East - Eaglemont,8.235635037066476,18449.54160494389
20060,Kingsbury,12.10388103103727,9046.665648059156
20061,Preston,13.831444259742213,27422.554317989012
20062,Reservoir - East,13.753132962537899,55793.77797751181
20063,Reservoir - West,13.457379113888432,179.26541923647525
20064,Eltham,11.94942305294994,21018.473810509327
20065,Hurstbridge/ Panton Hill/ Research,12.495094312377452,19969.222940160183
20066,Kinglake,15.489150139991143,23734.770875389844
20067,Plenty - Yarrambat/ Wattle Glen - Diamond Creek,12.133260254994052,17136.95082762527
20068,Bundoora - North,12.931956702222084,
20069,Bundoora - West,13.639137100009732,
20070,Epping / Wollert,18.50228498845528,29787.91304554681
20071,Lalor/ Thomastown,16.123117382775696,32350.063375856236
20072,Mill Park - North,14.504766318030628,46269.19173147381
20073,Mill Park - South,15.261419735024113,163.51169404998106
20074,Doreen/ Mernda/ South Morang ,17.67811864867029,25438.713160517273
20075,Wallan/ Whittlesea,17.310643745423352,25448.554896585418
20076,Airport West/ Avondale Heights/ Keilor East,12.066563616521574,23623.55761249453
20077,Keilor,11.945871823274361,24759.688825110858
20078,Niddrie - Essendon West,12.254299078132341,20064.096236689587
20079,Strathmore,9.190515748350284,18473.04165084421
20080,Gisborne/ Macedon/ Riddells Creek,12.446601021885595,16644.11983635997
20081,Romsey,14.201464191841854,20964.524683402342
20082,Coburg North,13.003250971274303,25123.903067384483
20083,Fawkner,16.066328925060912,29419.285143822377
20084,Glenroy/ Gowanbrae/ Hadfield,14.862270807320877,27281.378393452764
20085,Oak Park/ Pascoe Vale,16.717445598952562,24356.189590299735
20086,Sunbury,15.655919773647033,24653.27988778665
20087,Broadmeadows,21.28698089789464,38584.1609020722
20088,Campbellfield - Coolaroo,21.77062514118798,33474.048184698986
20089,Craigieburn - Mickleham,20.953295101337957,25898.418814219833
20090,Gladstone Park - Westmeadows/ Tullamarine,15.499356634706956,29133.47653269191
20091,Greenvale - Bulla/ Melbourne Airport,14.83420757830321,25340.716852498455
20092,Meadow Heights,28.970792331141254,33611.95032832805
20093,Roxburgh Park - Somerton,22.209200014148056,31701.42062059362
20094,Bayswater/ Boronia/ The Basin,15.387935301807145,27889.98671227485
20095,Ferntree Gully,14.599608864683306,33227.377560170986
20096,Knoxfield - Scoresby,14.480879037577143,19528.896508790447
20097,Lysterfield/ Rowville,12.640816245898387,20731.75585527533
20098,Wantirna/ Wantirna South,13.196665362940402,21887.29169071375
20099,Donvale - Park Orchards/ Warrandyte - Wonga Park,10.140327266739668,18918.41675862764
20100,Bayswater North/ Ringwood East,14.053285115318408,25803.755462783334
20101,Croydon,14.71030129704167,26213.407213430346
20101,Croydon,14.71030129704167,27433.135334217837
20101,Ballarat,17.209802525205326,26213.407213430346
20101,Ballarat,17.209802525205326,27433.135334217837
20102,Croydon Hills - Warranwood/ Ringwood North,12.635666544853553,21989.50342606549
20102,Croydon Hills - Warranwood/ Ringwood North,12.635666544853553,20478.053511455546
20102,Creswick - Daylesford - Ballan,14.232904746190588,21989.50342606549
20102,Creswick - Daylesford - Ballan,14.232904746190588,20478.053511455546
20103,Ringwood,14.408494244908402,27861.77905438747
20103,Ringwood,14.408494244908402,19200.915271855032
20103,Maryborough - Pyrenees,16.419337628153066,27861.77905438747
20103,Maryborough - Pyrenees,16.419337628153066,19200.915271855032
20104,Forest Hill,12.620594830054683,19419.704700695434
20105,Mitcham (Vic.)/ Vermont/ Vermont South,12.428597532195697,18067.847916626186
20106,Nunawading,11.841035580484142,19293.64796967734
20107,Yarra Ranges - South West,13.56203960660338,27520.0218199591
20108,Chirnside Park/ Montrose/ Mooroolbark,14.46232164432155,25528.793954299377
20109,Healesville - Yarra Glen,14.365804723301691,23136.346424962918
20110,Kilsyth,15.236602871601852,34025.65879075616
20111,Lilydale - Coldstream/ Wandin - Seville,14.208506333907893,25090.262282476244
20112,Monbulk - Silvan/ Mount Evelyn,14.260396507810754,26244.733295877937
20113,Yarra Valley,17.237602897040304,25515.64820040077
20114,Beaconsfield - Officer/ Emerald - Cockatoo,15.089271244368692,25541.288376479955
20115,Bunyip - Garfield,13.773430891992243,27636.016448674476
20116,Koo Wee Rup,16.24672730010464,30544.798677002167
20117,Pakenham,20.34629615400596,25638.80632137598
20118,Berwick - North/ Narre Warren North,12.107981576377814,43801.69119829847
20119,Berwick - South,16.695855750212193,398.6676871119885
20120,Doveton,21.05775586431096,34818.36414496266
20121,Endeavour Hills,15.1330477665605,26404.213785105458
20122,Hallam,18.0955693654307,28786.26396526666
20123,Narre Warren,17.710453753927347,28669.670311893376
20124,Cranbourne East/ Cranbourne South,19.26883501857155,23057.777812391607
20125,Cranbourne North,21.490588759277657,23572.158931687096
20126,Cranbourne/ Cranbourne West,20.406602681293045,26794.802065173
20127,Hampton Park,20.70780672629743,27224.986246840363
20128,Lynbrook - Lyndhurst,15.631252380289974,21410.03768048439
20129,Narre Warren South,17.93525469154557,23574.225662920835
20130,Clarinda - Oakleigh South/ Clayton South,12.641255619853649,18663.103804283244
20131,Dandenong,18.747681982255344,39108.75669223471
20132,Dandenong North/ Noble Park North,16.4414345018636,24625.78007679801
20133,Dingley Village,12.19332885468611,21149.199602513203
20134,Keysborough,14.143123706225312,19064.482265342074
20135,Noble Park,20.109721413490767,24856.90298330831
20136,Springvale/ Springvale South,13.489392763718568,19543.637097749524
20137,Ashwood - Chadstone/ Oakleigh - Huntingdale,12.43971839553546,22666.599834881974
20138,Clayton,11.717980586058191,17961.570446753998
20139,Glen Waverley - East/ Wheelers Hill,10.434600460651307,22004.724392781984
20140,Glen Waverley - West/ Mulgrave,11.410836201872826,10078.302713184337
20141,Mount Waverley - North/ Mount Waverley - South,9.887170060183632,15830.073890563006
20142,Ardeer - Albion/ Sunshine/ Sunshine West,15.357728537627974,27433.201379497597
20143,Cairnlea,15.047675032562644,22244.37394574349
20144,Deer Park/ Derrimut,17.8747933145635,24894.74966483758
20145,Delahey,16.694283143111736,31400.964334075285
20146,Keilor Downs,14.925318982018076,27221.67519855227
20147,St Albans – North/ Kings Park (Vic.),17.99899665774082,42893.32847695184
20148,St Albans - South/ Sunshine North,15.91756016554472,10925.331560970966
20149,Sydenham,16.794328310709126,24391.691231586177
20150,Taylors Lakes,12.111700948226323,22891.108318025403
20151,Altona,11.62567826661084,30134.01384176464
20152,Altona Meadows,14.632395555873767,30756.336199696063
20153,Altona North,13.996444649758239,37473.375257071864
20154,Newport/ Williamstown,10.459127411338338,33394.458300888364
20155,Seabrook,19.67957273375075,23476.77549766788
20156,Braybrook,14.43880987292,26427.958756126827
20157,Footscray/ West Footscray - Tottenham,13.042530290878895,27376.157045299202
20158,Maribyrnong,12.017250584776496,19732.448346679128
20159,Seddon - Kingsville/ Yarraville,12.328798614709351,26410.772124203715
20160,Bacchus Marsh,15.70887505096905,19464.371862109176
20161,Caroline Springs,15.794800261767678,25473.915367425576
20162,Hillside/ Taylors Hill,18.23065184412259,21840.847046165873
20163,Melton West,22.848931712578246,24472.05327564139
20164,Melton/ Melton South/ Rockbank - Mount Cottrell,21.863666976349506,24025.21246799887
20165,Hoppers Crossing - North/ Truganina,18.725153289539385,13663.518551678995
20166,Hoppers Crossing - South/ Werribee - South,16.27660728429866,28755.325421402464
20167,Laverton,14.934073084259682,28748.072426765535
20168,Point Cook,15.72103013342929,21280.99016061115
20169,Tarneit,21.50980278383989,19937.038949737867
20170,Werribee,19.127045847693193,32524.833945186383
20171,Wyndham Vale,23.58533628356053,23176.622799214132
20172,Carrum Downs/ Seaford (Vic.),17.370880610526918,30251.650041912188
20173,Frankston,17.039872855491065,57336.378443472204
20174,Frankston North,20.504572613290772,12013.653204373897
20175,Frankston South,12.682295831405284,21434.815159587317
20176,Langwarrin/ Skye - Sandhurst,15.040108475082967,22275.833147886126
20177,Dromana,13.672612018338583,28437.16363053217
20178,Flinders/ Mount Martha,9.44780976125352,18763.694423023735
20179,Hastings - Somers,15.679188533348988,23676.8389694541
20180,Mornington/ Somerville,12.977496236604335,23091.66742648285
20181,Mount Eliza,8.729388913527881,15625.40450678568
20182,Point Nepean,13.101087352721715,28715.524469927936
20183,Rosebud - McCrae,14.914972310790585,41982.46653860958
20184,Alfredton/ Buninyong/ Smythes Creek,15.999233978675983,28620.689082521625
20185,Ballarat,13.220728573793442,14831.266590653915
20186,Ballarat East/ Ballarat North,15.194671758566965,22718.2417882675
20187,Ballarat - South/ Delacombe,19.95134360866152,31205.55504598442
20188,Wendouree - Miners Rest,19.62094829965801,32957.906387297684
20189,Bacchus Marsh Region/ Gordon (Vic.),14.440897767531014,21835.142363455518
20190,Creswick - Clunes,14.890853081223716,24621.84384378617
20191,Daylesford,13.513000886492247,15368.523802060681
20192,Avoca/ Beaufort/ Maryborough Region,15.718228941889306,19295.70724464682
20193,Golden Plains - North,16.071229446956426,26778.265013044245
20194,Maryborough (Vic.),17.77281162132996,14487.083341131645
20195,Bendigo,18.612974006621638,56209.41650200068
20196,California Gully - Eaglehawk,21.507067295958496,43066.829248156835
20197,Bendigo - Central East,17.051080963504425,32412.97360864498
20198,Kangaroo Flat - Golden Square,17.733149952415484,39726.79526908408
20199,Maiden Gully,14.64785783009374,30766.797810715638
20200,Strathfieldsaye,13.668612762505873,27670.081788623487
20201,Bendigo Region - South,13.96766865887828,29119.121306210644
20201,Bendigo Region - South,13.96766865887828,38011.85804335489
20201,Bendigo,17.52184283231161,29119.121306210644
20201,Bendigo,17.52184283231161,38011.85804335489
20202,Castlemaine/ Castlemaine Region,14.597324150188566,15765.247331182638
20202,Castlemaine/ Castlemaine Region,14.597324150188566,19215.725305662138
20202,Heathcote - Castlemaine - Kyneton,13.877907957669764,15765.247331182638
20202,Heathcote - Castlemaine - Kyneton,13.877907957669764,19215.725305662138
20203,Heathcote,13.857458332981967,26908.9255866554
20203,Heathcote,13.857458332981967,30583.052782425864
20203,Loddon - Elmore,14.943220111287474,26908.9255866554
20203,Loddon - Elmore,14.943220111287474,30583.052782425864
20204,Kyneton,13.16375146135966,15801.32657667534
20205,Woodend,12.723625116394379,16652.77207618894
20206,Bendigo Region - North,15.080603420985167,34574.87948874489
20207,Loddon,14.856943418328482,27930.476758140954
20208,Bannockburn/ Golden Plains - South/ Winchelsea,14.81750391180075,16417.63174222616
20209,Belmont/ Geelong,13.415259729077246,21960.046156361357
20210,Corio - Lovely Banks/ Norlane,22.592943282020958,35426.904338219116
20211,Geelong West - Hamlyn Heights,13.282700071867797,19526.509553999935
20212,Grovedale,15.40688287968081,16315.633697583155
20213,Highton/ Newtown (Vic.),11.8856473129323,13412.547802092677
20214,Lara,15.126980908011351,22114.93865469991
20215,Leopold,15.392931986678844,22446.453101878025
20216,Newcomb - Moolap,17.238916052723546,32097.360535244654
20217,North Geelong - Bell Park,14.869280426466437,26129.19442673553
20218,Clifton Springs,15.03980403104952,20661.11650457176
20219,Lorne - Anglesea/ Torquay,11.442015612751343,12422.991959254192
20220,Ocean Grove/ Barwon Heads - Armstrong Creek,12.660036919604632,17699.036110716443
20221,Portarlington,12.654601309711135,20208.415650874867
20222,Alexandra/ Euroa/ Nagambie/ Upper Yarra Valley,14.29737577298368,22683.87460832623
20223,Kilmore - Broadford/ Yea,16.09850845836718,20836.853734286244
20224,Mansfield (Vic.),13.549578762476575,13806.314344006974
20225,Seymour,18.30956825185596,19627.167755640465
20226,Seymour Region,14.132981951110391,13260.536600478996
20227,Benalla,15.628708602460511,22004.100691628577
20228,Benalla Region/ Wangaratta Region,13.792376529859679,38573.90485465987
20229,Rutherglen,15.414573997422055,68237.45586679947
20230,Wangaratta,16.953668766766363,54167.5314907981
20231,Beechworth/ Chiltern - Indigo Valley,14.197281031972715,39818.61442789957
20232,Bright - Mount Beauty/ Towong,13.55028710506545,22669.934009662087
20233,Myrtleford,14.863977957468006,27765.141336805096
20234,West Wodonga/ Wodonga,18.37381604195722,51350.141142087065
20235,Yackandandah,13.589639719127078,37838.438431734845
20236,Drouin,17.3686038731259,33063.185582042126
20237,Mount Baw Baw Region/ Trafalgar (Vic.)/ Warragul,15.192586702951694,32144.82036179216
20238,Alps - East/ Bruthen - Omeo/ Orbost/ Paynesville,14.375734580508723,37067.39698352688
20239,Bairnsdale/ Lake King/ Lakes Entrance,16.422435128719663,44437.97646237278
20240,Foster/ Korumburra/ Leongatha/ Wilsons Promontory,14.759650779330885,20721.497255871767
20242,Phillip Island,14.613471756580873,23416.352383983183
20243,Wonthaggi - Inverloch,14.983056550905006,42688.09551723846
20244,Churchill,16.97375919236748,37159.61810410032
20245,Moe - Newborough/ Morwell,19.460424715069784,44776.89666695323
20246,Traralgon/ Yallourn North - Glengarry,16.268938333981172,39673.06037611008
20247,Alps - West/ Maffra/ Rosedale,15.825839206001616,36174.561089848066
20248,Longford - Loch Sport/ Yarram,13.843427092530133,34614.790325429094
20249,Sale,16.881128175975213,49215.223953098925
20250,Ararat Region,14.406771968886867,15991.507481819428
20251,Ararat/ St Arnaud/ Stawell,15.35675602765334,11548.438233662673
20252,Horsham,16.78566519595939,55300.00233053462
20253,Horsham Region,13.398991197793368,41090.76814538112
20254,Nhill Region/ West Wimmera/ Yarriambiack,14.479726167109767,27796.741648600124
20255,Irymple/ Mildura Region,14.479683669564176,29720.43144921055
20256,Merbein,17.813685206595206,41878.001374926076
20257,Mildura,18.64536973082308,47569.88937072794
20258,Red Cliffs,17.98591558978121,45191.59447429694
20259,Buloke/ Gannawarra/ Kerang,14.806590056689902,28112.680927766556
20260,Robinvale,13.386705905953912,29312.00516329401
20261,Swan Hill/ Swan Hill Region,15.898382468387469,72327.9550516803
20262,Echuca/ Lockington - Gunbower,16.30028937326025,63886.93224332157
20263,Kyabram/ Rochester/ Rushworth,16.47412664227727,38681.47822789841
20264,Cobram/ Numurkah,16.414046917362548,31976.041812334668
20265,Moira/ Yarrawonga,14.789688358198344,23230.96930264184
20266,Kialla/ Mooroopna/ Shepparton - South East,18.626654470870527,24047.188349376775
20267,Shepparton - North/ Shepparton Region - West,16.735733180875282,65577.8841328326
20268,Shepparton Region - East,15.925206377522189,35233.8775006726
20269,Glenelg (Vic.)/ Portland,15.569151697722097,12425.77077147013
20270,Hamilton (Vic.)/ Southern Grampians,15.330001122156718,51446.77824811686
20271,Camperdown/ Corangamite - North,14.81279708034249,19793.632306504045
20272,Colac,15.899398842217382,5833.293675698587
20273,Colac Region/ Corangamite – South / Otway ,14.507761010836697,13713.245208974336
20274,Moyne – East/ Moyne – West,15.655277518649577,29747.836195934593
20275,Warrnambool - North/ Warrnambool - South,15.95059638679481,38342.81451843834
20301,Barwon - West,14.81750391180075,16417.63174222616
20302,Geelong,15.33720646864,22109.64666229104
20303,Surf Coast - Bellarine Peninsula,12.719809150016248,16771.912904563273
20401,Upper Goulburn Valley,15.152004386564506,19511.30245338725
20402,Wangaratta - Benalla,15.599863079104894,43607.230643559575
20403,Wodonga - Alpine,16.255418843149396,41837.17630014424
20501,Baw Baw,15.915038602886435,32460.213175892444
20502,Gippsland - East,15.461058829450852,41064.456749367186
20503,Gippsland - South West,14.815753944506614,29585.75463620921
20504,Latrobe Valley,17.73266221458816,41406.039988718934
20505,Wellington,15.640896584532916,39953.73080168651
20601,Brunswick - Coburg,13.983734068215307,25335.102348537068
20602,Darebin - South,10.933086292549007,24896.959688539577
20603,Essendon,13.167974778728812,22331.921777183143
20604,Melbourne City,10.972177830302135,21337.578379790553
20605,Port Phillip,10.84246914546726,22845.228232440826
20606,Stonnington - West,9.446758231682606,20350.745780740694
20607,Yarra,11.191471476088138,22840.948890011594
20701,Boroondara,9.309955979179323,15422.034072835366
20702,Manningham - West,10.743265553037102,18984.368231268567
20703,Whitehorse - West,11.536372924413026,18496.74162665058
20801,Bayside,8.795021255004777,20749.945810229703
20802,Glen Eira,12.167015259374988,17419.764456856614
20803,Kingston,11.886086320857055,22308.342509938662
20804,Stonnington - East,9.80186116028585,9725.082030542608
20901,Banyule,12.322332062061681,28998.06577025672
20902,Darebin - North,13.532458825975468,26599.724797297717
20903,Nillumbik - Kinglake,12.369818037370415,19589.64929202309
20904,Whittlesea - Wallan,16.862418546970915,26572.57296601005
21001,Keilor,11.62363833491613,22562.085811837485
21002,Macedon Ranges,13.03142079686139,18072.08056324749
21003,Moreland - North,15.46545122634955,26565.1619574663
21004,Sunbury,15.655919773647033,24653.27988778665
21005,Tullamarine - Broadmeadows,20.261861098504742,28800.73077234825
21101,Knox,13.988709395995865,25015.359923948785
21102,Manningham - East,10.140327266739668,18918.41675862764
21103,Maroondah,13.969327010375988,25343.973671635416
21104,Whitehorse - East,12.350034768245019,18540.96497098884
21105,Yarra Ranges,14.575592707986054,26229.590115431954
21201,Cardinia,17.417151642301594,26219.402258712154
21202,Casey - North,15.90502430892018,26239.68602332329
21203,Casey - South,19.435020087187628,24203.238214554323
21204,Dandenong,15.67979493862542,24272.3542891076
21205,Monash,11.111617192127987,17811.11443184258
21301,Brimbank,16.02711210148006,26618.117707792964
21302,Hobsons Bay,12.628313716911013,32524.227745067707
21303,Maribyrnong,12.992430281286829,25782.927985522616
21304,Melton - Bacchus Marsh,19.264518932391482,23254.3271066326
21305,Wyndham,18.698391947127366,22467.774988208403
21401,Frankston,16.448845280163162,28816.028724807795
21402,Mornington Peninsula,12.717567134235853,25456.727993928685
21501,Grampians,15.327116239263146,29801.360538579083
21502,Mildura,17.64937202410606,43090.310221213964
21503,Murray River - Swan Hill,15.159245278463981,48202.37685095939
21601,Campaspe,16.3882531355521,51250.41912565853
21602,Moira,15.777684154057539,28639.093958467907
21603,Shepparton,17.63164108737435,43127.28261264317
21701,Glenelg - Southern Grampians,15.462739880630906,29970.807556796128
21703,Colac - Corangamite,15.023563644080923,12532.46835672764
21704,Warrnambool,15.853646951393864,35519.19351480746
